{"stats":{"minecraft:dropped":{"minecraft:wheat_seeds":1},"minecraft:used":{"minecraft:melon_slice":3},"minecraft:mined":{"minecraft:short_grass":2,"minecraft:melon":13,"minecraft:jungle_log":7,"minecraft:jungle_leaves":1,"minecraft:oak_leaves":4,"minecraft:fern":1},"minecraft:custom":{"minecraft:time_since_rest":3181,"minecraft:play_time":3181,"minecraft:sprint_one_cm":13373,"minecraft:damage_taken":30,"minecraft:walk_one_cm":7088,"minecraft:walk_under_water_one_cm":232,"minecraft:drop":1,"minecraft:jump":48,"minecraft:time_since_death":3181,"minecraft:walk_on_water_one_cm":80,"minecraft:total_world_time":3181,"minecraft:climb_one_cm":746,"minecraft:swim_one_cm":1785,"minecraft:fly_one_cm":7687,"minecraft:fall_one_cm":984},"minecraft:picked_up":{"minecraft:jungle_log":7,"minecraft:wheat_seeds":1,"minecraft:melon_slice":62}},"DataVersion":3953}