{"stats":{"minecraft:custom":{"minecraft:time_since_rest":20250,"minecraft:sprint_one_cm":28404,"minecraft:play_time":20250,"minecraft:damage_taken":40,"minecraft:walk_one_cm":6979,"minecraft:walk_under_water_one_cm":139,"minecraft:mob_kills":1,"minecraft:jump":180,"minecraft:damage_dealt":80,"minecraft:leave_game":3,"minecraft:walk_on_water_one_cm":89,"minecraft:time_since_death":20250,"minecraft:total_world_time":20250,"minecraft:interact_with_crafting_table":2,"minecraft:swim_one_cm":2128,"minecraft:fall_one_cm":5531,"minecraft:fly_one_cm":45621},"minecraft:crafted":{"minecraft:oak_planks":24,"minecraft:crafting_table":1,"minecraft:stone_pickaxe":1,"minecraft:stick":4,"minecraft:wooden_pickaxe":1},"minecraft:used":{"minecraft:dirt":2,"minecraft:crafting_table":1,"minecraft:stone_pickaxe":2,"minecraft:wooden_pickaxe":3},"minecraft:picked_up":{"minecraft:wheat_seeds":1,"minecraft:oak_log":6,"minecraft:oak_sapling":3,"minecraft:white_wool":1,"minecraft:dirt":6,"minecraft:cobblestone":5},"minecraft:killed":{"minecraft:sheep":1},"minecraft:mined":{"minecraft:short_grass":6,"minecraft:grass_block":3,"minecraft:oak_log":6,"minecraft:vine":2,"minecraft:dirt":3,"minecraft:fire":1,"minecraft:stone":5,"minecraft:oak_leaves":10,"minecraft:fern":4}},"DataVersion":3953}