{"stats":{"minecraft:custom":{"minecraft:time_since_rest":30927,"minecraft:play_time":30927,"minecraft:sprint_one_cm":37395,"minecraft:damage_taken":60,"minecraft:walk_one_cm":15847,"minecraft:walk_under_water_one_cm":139,"minecraft:mob_kills":4,"minecraft:jump":271,"minecraft:damage_dealt":380,"minecraft:leave_game":5,"minecraft:time_since_death":30927,"minecraft:walk_on_water_one_cm":89,"minecraft:swim_one_cm":2128,"minecraft:total_world_time":30927,"minecraft:climb_one_cm":535,"minecraft:interact_with_crafting_table":2,"minecraft:fly_one_cm":59605,"minecraft:fall_one_cm":7607},"minecraft:crafted":{"minecraft:oak_planks":24,"minecraft:crafting_table":1,"minecraft:stick":4,"minecraft:stone_pickaxe":1,"minecraft:wooden_pickaxe":1},"minecraft:used":{"minecraft:dirt":7,"minecraft:crafting_table":1,"minecraft:porkchop":5,"minecraft:stone_pickaxe":23,"minecraft:wooden_pickaxe":3},"minecraft:picked_up":{"minecraft:wheat_seeds":1,"minecraft:porkchop":7,"minecraft:oak_log":6,"minecraft:oak_sapling":3,"minecraft:dirt":12,"minecraft:white_wool":1,"minecraft:cobblestone":12},"minecraft:killed":{"minecraft:sheep":1,"minecraft:pig":3},"minecraft:mined":{"minecraft:short_grass":10,"minecraft:grass_block":6,"minecraft:oak_log":6,"minecraft:vine":2,"minecraft:dirt":6,"minecraft:fire":1,"minecraft:stone":12,"minecraft:oak_leaves":10,"minecraft:fern":5}},"DataVersion":3953}