{"stats":{"minecraft:used":{"minecraft:dirt":12,"minecraft:cobblestone":5,"minecraft:crafting_table":1,"minecraft:stone_pickaxe":2,"minecraft:oak_planks":13,"minecraft:wooden_pickaxe":6},"minecraft:picked_up":{"minecraft:oak_log":6,"minecraft:dirt":12,"minecraft:cobblestone":8},"minecraft:custom":{"minecraft:time_since_rest":1719,"minecraft:damage_taken":320,"minecraft:sprint_one_cm":15943,"minecraft:play_time":6739,"minecraft:deaths":1,"minecraft:walk_one_cm":5277,"minecraft:jump":131,"minecraft:leave_game":4,"minecraft:time_since_death":1690,"minecraft:total_world_time":6739,"minecraft:interact_with_crafting_table":2,"minecraft:fall_one_cm":7512,"minecraft:fly_one_cm":20645},"minecraft:mined":{"minecraft:grass_block":2,"minecraft:oak_log":6,"minecraft:dirt":10,"minecraft:stone":8,"minecraft:oak_leaves":4},"minecraft:crafted":{"minecraft:oak_planks":24,"minecraft:crafting_table":1,"minecraft:stick":8,"minecraft:stone_pickaxe":1,"minecraft:wooden_pickaxe":1}},"DataVersion":3955}