{"stats":{"minecraft:custom":{"minecraft:time_since_rest":30704,"minecraft:sprint_one_cm":36760,"minecraft:play_time":30704,"minecraft:damage_taken":60,"minecraft:walk_one_cm":15765,"minecraft:walk_under_water_one_cm":139,"minecraft:mob_kills":4,"minecraft:jump":257,"minecraft:damage_dealt":380,"minecraft:leave_game":4,"minecraft:walk_on_water_one_cm":89,"minecraft:time_since_death":30704,"minecraft:climb_one_cm":535,"minecraft:total_world_time":30704,"minecraft:interact_with_crafting_table":2,"minecraft:swim_one_cm":2128,"minecraft:fall_one_cm":7189,"minecraft:fly_one_cm":56430},"minecraft:crafted":{"minecraft:oak_planks":24,"minecraft:crafting_table":1,"minecraft:stone_pickaxe":1,"minecraft:stick":4,"minecraft:wooden_pickaxe":1},"minecraft:used":{"minecraft:dirt":7,"minecraft:crafting_table":1,"minecraft:porkchop":5,"minecraft:stone_pickaxe":23,"minecraft:wooden_pickaxe":3},"minecraft:picked_up":{"minecraft:wheat_seeds":1,"minecraft:porkchop":7,"minecraft:oak_log":6,"minecraft:oak_sapling":3,"minecraft:white_wool":1,"minecraft:dirt":12,"minecraft:cobblestone":12},"minecraft:killed":{"minecraft:sheep":1,"minecraft:pig":3},"minecraft:mined":{"minecraft:short_grass":10,"minecraft:grass_block":6,"minecraft:oak_log":6,"minecraft:vine":2,"minecraft:dirt":6,"minecraft:fire":1,"minecraft:stone":12,"minecraft:oak_leaves":10,"minecraft:fern":5}},"DataVersion":3953}